Predizioni,PredizioniFinestra,Reali
1000 metri,1000 metri,1000 metri
1000 metri,1000 metri,1000 metri
1000 metri,1000 metri,1000 metri
1000 metri,1000 metri,1000 metri
1000 metri,1000 metri,1000 metri
1000 metri,1000 metri,1000 metri
1000 metri,1000 metri,1000 metri
1000 metri,1000 metri,1000 metri
1000 metri,1000 metri,1000 metri
1000 metri,1000 metri,1000 metri
1000 metri,1000 metri,1000 metri
1000 metri,1000 metri,1000 metri
1000 metri,1000 metri,1000 metri
1000 metri,1000 metri,1000 metri
1000 metri,1000 metri,1000 metri
1000 metri,1000 metri,1000 metri
1000 metri,1000 metri,1000 metri
1000 metri,1000 metri,1000 metri
1000 metri,1000 metri,1000 metri
1000 metri,1000 metri,1000 metri
1000 metri,1000 metri,1000 metri
1000 metri,1000 metri,1000 metri
1000 metri,1000 metri,1000 metri
1000 metri,1000 metri,1000 metri
1000 metri,1000 metri,1000 metri
1000 metri,1000 metri,1000 metri
1000 metri,1000 metri,1000 metri
1000 metri,1000 metri,1000 metri
1000 metri,1000 metri,1000 metri
1000 metri,1000 metri,1000 metri
1000 metri,1000 metri,1000 metri
1000 metri,1000 metri,1000 metri
1000 metri,1000 metri,1000 metri
1000 metri,1000 metri,1000 metri
1000 metri,1000 metri,1000 metri
1000 metri,1000 metri,1000 metri
1000 metri,1000 metri,1000 metri
1000 metri,1000 metri,1000 metri
1000 metri,1000 metri,1000 metri
1000 metri,1000 metri,1000 metri
1000 metri,1000 metri,1000 metri
1000 metri,1000 metri,1000 metri
1000 metri,1000 metri,1000 metri
1000 metri,1000 metri,1000 metri
1000 metri,1000 metri,1000 metri
1000 metri,1000 metri,1000 metri
1000 metri,1000 metri,1000 metri
1000 metri,1000 metri,1000 metri
1000 metri,1000 metri,1000 metri
1000 metri,1000 metri,1000 metri
1000 metri,1000 metri,1000 metri
1000 metri,1000 metri,1000 metri
1000 metri,1000 metri,1000 metri
1000 metri,1000 metri,1000 metri
1000 metri,1000 metri,1000 metri
1000 metri,1000 metri,1000 metri
1000 metri,1000 metri,1000 metri
1000 metri,1000 metri,1000 metri
1000 metri,1000 metri,1000 metri
1000 metri,1000 metri,1000 metri
1000 metri,1000 metri,1000 metri
1000 metri,1000 metri,1000 metri
1000 metri,1000 metri,1000 metri
1000 metri,1000 metri,1000 metri
1000 metri,1000 metri,1000 metri
1000 metri,1000 metri,1000 metri
1000 metri,1000 metri,1000 metri
1000 metri,1000 metri,1000 metri
1000 metri,1000 metri,1000 metri
1000 metri,1000 metri,1000 metri
1000 metri,1000 metri,1000 metri
1000 metri,1000 metri,1000 metri
1000 metri,1000 metri,1000 metri
1000 metri,1000 metri,1000 metri
1000 metri,1000 metri,1000 metri
1000 metri,1000 metri,1000 metri
1000 metri,1000 metri,1000 metri
1000 metri,1000 metri,1000 metri
1000 metri,1000 metri,1000 metri
1000 metri,1000 metri,1000 metri
1000 metri,1000 metri,1000 metri
1000 metri,1000 metri,1000 metri
1000 metri,1000 metri,1000 metri
1000 metri,1000 metri,1000 metri
1000 metri,1000 metri,1000 metri
1000 metri,1000 metri,1000 metri
1000 metri,1000 metri,1000 metri
1000 metri,1000 metri,1000 metri
1000 metri,1000 metri,1000 metri
1000 metri,1000 metri,1000 metri
1000 metri,1000 metri,1000 metri
1000 metri,1000 metri,1000 metri
1000 metri,1000 metri,1000 metri
1000 metri,1000 metri,1000 metri
1000 metri,1000 metri,1000 metri
1000 metri,1000 metri,1000 metri
1000 metri,1000 metri,1000 metri
1000 metri,1000 metri,1000 metri
1000 metri,1000 metri,1000 metri
1000 metri,1000 metri,1000 metri
1000 metri,1000 metri,1000 metri
1000 metri,1000 metri,1000 metri
1000 metri,1000 metri,1000 metri
1000 metri,1000 metri,1000 metri
1000 metri,1000 metri,1000 metri
1000 metri,1000 metri,1000 metri
1000 metri,1000 metri,1000 metri
1000 metri,1000 metri,1000 metri
1000 metri,1000 metri,1000 metri
1000 metri,1000 metri,1000 metri
1000 metri,1000 metri,1000 metri
1000 metri,1000 metri,1000 metri
1000 metri,1000 metri,1000 metri
1000 metri,1000 metri,1000 metri
1000 metri,1000 metri,1000 metri
1000 metri,1000 metri,1000 metri
1000 metri,1000 metri,1000 metri
1000 metri,1000 metri,1000 metri
1000 metri,1000 metri,1000 metri
1000 metri,1000 metri,1000 metri
1000 metri,1000 metri,1000 metri
1000 metri,1000 metri,1000 metri
1000 metri,1000 metri,1000 metri
1000 metri,1000 metri,1000 metri
1000 metri,1000 metri,1000 metri
1000 metri,1000 metri,1000 metri
1000 metri,1000 metri,1000 metri
1000 metri,1000 metri,1000 metri
1000 metri,1000 metri,1000 metri
1000 metri,1000 metri,1000 metri
1000 metri,1000 metri,1000 metri
1000 metri,1000 metri,1000 metri
1000 metri,1000 metri,1000 metri
1000 metri,1000 metri,1000 metri
1000 metri,1000 metri,1000 metri
1000 metri,1000 metri,1000 metri
1000 metri,1000 metri,1000 metri
1000 metri,1000 metri,1000 metri
1000 metri,1000 metri,1000 metri
1000 metri,1000 metri,1000 metri
1000 metri,1000 metri,1000 metri
1000 metri,1000 metri,1000 metri
1000 metri,1000 metri,1000 metri
1000 metri,1000 metri,1000 metri
1000 metri,1000 metri,1000 metri
1000 metri,1000 metri,1000 metri
1000 metri,1000 metri,1000 metri
1000 metri,1000 metri,1000 metri
1000 metri,1000 metri,1000 metri
1000 metri,1000 metri,1000 metri
1000 metri,1000 metri,1000 metri
1000 metri,1000 metri,1000 metri
1000 metri,1000 metri,1000 metri
1000 metri,1000 metri,1000 metri
1000 metri,1000 metri,1000 metri
1000 metri,1000 metri,1000 metri
1000 metri,1000 metri,1000 metri
1000 metri,1000 metri,1000 metri
1000 metri,1000 metri,1000 metri
1000 metri,1000 metri,1000 metri
1000 metri,1000 metri,1000 metri
1000 metri,1000 metri,1000 metri
1000 metri,1000 metri,1000 metri
1000 metri,1000 metri,1000 metri
1000 metri,1000 metri,1000 metri
1000 metri,1000 metri,1000 metri
1000 metri,1000 metri,1000 metri
1000 metri,1000 metri,1000 metri
1000 metri,1000 metri,1000 metri
1000 metri,1000 metri,1000 metri
1000 metri,1000 metri,1000 metri
1000 metri,1000 metri,1000 metri
1000 metri,1000 metri,1000 metri
1000 metri,1000 metri,1000 metri
1000 metri,1000 metri,1000 metri
1000 metri,1000 metri,1000 metri
1000 metri,1000 metri,1000 metri
1000 metri,1000 metri,1000 metri
1000 metri,1000 metri,1000 metri
1000 metri,1000 metri,1000 metri
1000 metri,1000 metri,1000 metri
1000 metri,1000 metri,1000 metri
1000 metri,1000 metri,1000 metri
1000 metri,1000 metri,1000 metri
1000 metri,1000 metri,1000 metri
1000 metri,1000 metri,1000 metri
1000 metri,1000 metri,1000 metri
1000 metri,1000 metri,1000 metri
1000 metri,1000 metri,1000 metri
1000 metri,1000 metri,1000 metri
1000 metri,1000 metri,1000 metri
1000 metri,1000 metri,1000 metri
1000 metri,1000 metri,1000 metri
1000 metri,1000 metri,1000 metri
1000 metri,1000 metri,1000 metri
1000 metri,1000 metri,1000 metri
1000 metri,1000 metri,1000 metri
1000 metri,1000 metri,1000 metri
1000 metri,1000 metri,1000 metri
1000 metri,1000 metri,1000 metri
1000 metri,1000 metri,1000 metri
1000 metri,1000 metri,1000 metri
1000 metri,1000 metri,1000 metri
1000 metri,1000 metri,1000 metri
1000 metri,1000 metri,1000 metri
1000 metri,1000 metri,1000 metri
1000 metri,1000 metri,1000 metri
1000 metri,1000 metri,1000 metri
Navetta 10x5,Navetta 10x5,Navetta 10x5
Navetta 10x5,Navetta 10x5,Navetta 10x5
Navetta 10x5,Navetta 10x5,Navetta 10x5
Navetta 10x5,Navetta 10x5,Navetta 10x5
Navetta 10x5,Navetta 10x5,Navetta 10x5
Navetta 10x5,Navetta 10x5,Navetta 10x5
Navetta 10x5,Navetta 10x5,Navetta 10x5
Navetta 10x5,Navetta 10x5,Navetta 10x5
Navetta 10x5,Navetta 10x5,Navetta 10x5
Navetta 10x5,Navetta 10x5,Navetta 10x5
Navetta 10x5,Navetta 10x5,Navetta 10x5
Navetta 10x5,Navetta 10x5,Navetta 10x5
Navetta 10x5,Navetta 10x5,Navetta 10x5
Navetta 10x5,Navetta 10x5,Navetta 10x5
Navetta 10x5,Navetta 10x5,Navetta 10x5
Navetta 10x5,Navetta 10x5,Navetta 10x5
Navetta 10x5,Navetta 10x5,Navetta 10x5
Navetta 10x5,Navetta 10x5,Navetta 10x5
Navetta 10x5,Navetta 10x5,Navetta 10x5
Scatto 30m,Scatto 30m,Navetta 10x5
1000 metri,1000 metri,Navetta 10x5
Navetta 10x5,Navetta 10x5,Navetta 10x5
Navetta 10x5,Navetta 10x5,Navetta 10x5
Navetta 10x5,Navetta 10x5,Navetta 10x5
Navetta 10x5,Navetta 10x5,Navetta 10x5
Navetta 10x5,Navetta 10x5,Navetta 10x5
Scatto 30m,Scatto 30m,Navetta 10x5
Navetta 10x5,Navetta 10x5,Navetta 10x5
Navetta 10x5,Navetta 10x5,Navetta 10x5
Navetta 10x5,Navetta 10x5,Navetta 10x5
Navetta 10x5,Navetta 10x5,Navetta 10x5
Navetta 10x5,Navetta 10x5,Navetta 10x5
Navetta 10x5,Navetta 10x5,Navetta 10x5
Navetta 10x5,Navetta 10x5,Navetta 10x5
Scatto 30m,Scatto 30m,Scatto 30m
Scatto 30m,Scatto 30m,Scatto 30m
Scatto 30m,Scatto 30m,Scatto 30m
Scatto 30m,Scatto 30m,Scatto 30m
Scatto 30m,Scatto 30m,Scatto 30m
Scatto 30m,Scatto 30m,Scatto 30m
Navetta 10x5,Navetta 10x5,Triplo salto in lungo
Triplo salto in lungo,Triplo salto in lungo,Triplo salto in lungo
1000 metri,1000 metri,Triplo salto in lungo
